Workbook

Sheet Control_Panel
A1: AIRCRAFT PLANFORM GEOMETRY & TRANSFORMATION ENGINE — SAE MICRO 2026
A3: 1. GLOBAL DESIGN CONFIGURATION PANEL (INPUT VARIABLES)
A4: Parameter Name | B4: Symbol | C4: Value | D4: Units | E4: SolidWorks Mapping / Scope | F4: Configuration Status
A5: Total Wingspan | B5: b | C5: 1150 | D5: mm | E5: Total aircraft wingspan. Sizing penalty driver (minimize). | F5: Baseline Optimization
A6: Root Chord length | B6: c_root | C6: 225 | D6: mm | E6: Wing root chord length. Core airfoil geometry baseline. | F6: Core Airfoil Ref
A7: Tip Chord length | B7: c_tip | C7: 225 | D7: mm | E7: Wing tip chord length. Drives planform taper ratio. | F7: Taper Reference
A8: Wing Incidence Angle | B8: i_wing | C8: 0 | D8: deg | E8: Wing mounting incidence angle at root chord axis. | F8: Rigid Angle Axis
A9: Tip Aerodynamic Twist | B9: twist_tip | C9: 0 | D9: deg | E9: Tip aerodynamic twist angle relative to root (washout). | F9: Washout Net Offset
A10: Leading Edge Sweep Angle | B10: sweep_LE | C10: 11.02 | D10: deg | E10: Wing leading edge sweep angle (0 for straight wing). | F10: Straight panel baseline
A11: Dihedral Angle | B11: dihedral | C11: 4 | D11: deg | E11: Wing dihedral angle for lateral roll stability. | F11: Lateral Roll Stability
A13: 2. DERIVED WING PLANFORM & STEADY-STATE METRICS
A14: Metric Name | B14: Symbol / Formula | C14: Computed Value | D14: Units | E14: Governing Equation / Definition | F14: SolidWorks Skeleton Role
A15: One-Panel Semi-Span | B15: b_semi | C15: 518 | D15: mm | E15: b / 2 | F15: "b_semi" — Tip Span Fence Post
A16: Wing Reference Area | B16: S_w | C16: =(C6+C7)/2*C5 -> 258750 | D16: mm² | E16: (c_root + c_tip) * b_semi | F16: "S_w" — Total Wing Area Target
A17: Wing Reference Area (dm²) | B17: S_w_dm2 | C17: =C16/10000 -> 25.875 | D17: dm² | E17: S_w / 10,000 | F17: Wing Loading Reference Base
A18: Wing Aspect Ratio | B18: AR | C18: =C5^2/C16 -> 5.1111111 | D18: - | E18: b² / S_w | F18: "AR" — Induced Drag Efficiency
A19: Planform Taper Ratio | B19: taper | C19: =C7/C6 -> 1 | D19: - | E19: c_tip / c_root | F19: "taper" — Taper Ratio Check (0.60)
A20: Mean Aerodynamic Chord | B20: MAC | C20: =(2/3)*C6*(1+C19+C19^2)/(1+C19) -> 225 | D20: mm | E20: 2/3 * c_root * (1+λ+λ²) / (1+λ) | F20: "MAC" — Pitch Stability Datum
A21: Spanwise MAC Location | B21: y_MAC | C21: =(C5/6)*(1+2*C19)/(1+C19) -> 287.5 | D21: mm | E21: b/6 * (1+2λ) / (1+λ) | F21: "y_MAC" — Center of Pressure Station
A22: Effective Root Pitch Angle | B22: alpha_root | C22: =C8 -> 0 | D22: deg | E22: i_wing | F22: Root Profile 3D Rotation Driver
A23: Effective Tip Pitch Angle | B23: alpha_tip | C23: =C8+C9 -> 0 | D23: deg | E23: i_wing + twist_tip | F23: Tip Profile 3D Washout Driver
A25: 3. SAFETY ENVELOPE & GROUND CLEARANCE COMPLIANCE TRACKING
A26: Compliance Parameter | B26: Symbol | C26: Value | D26: Units | E26: Mathematical Condition / Definition | F26: Rule Verification Status
A27: Thrust Centerline Height | B27: h_thrust | C27: 160 | D27: mm | E27: Master Propulsion Height Above Runway | F27: Validated Centerline Baseline
A28: Propeller Total Diameter | B28: D_prop | C28: 280 | D28: mm | E28: 280 mm prop diameter (≈ 11 in), matches skeleton D_prop | F28: Approved Prop Envelope Check
A29: Propeller-to-Ground Tip Gap | B29: prop_clear | C29: =C27-C28/2 -> 20 | D29: mm | E29: h_thrust - D_prop / 2 | F29: =IF(C29>=20,"COMPLIANT (>=20mm)","CRITICAL INTERFERENCE") -> COMPLIANT (>=20mm)
A30: Volunteer Safety Keep-out | B30: keepout | C30: 228.6 | D30: mm | E30: 9.00 Inch Longitudinal Access Buffer | F30: =IF(C30>=228.6,"COMPLIANT","BUFFER DEFICIT") -> COMPLIANT

Sheet Root_Airfoil_XYZ
A1: AIRFOIL PROFILE: | B1: FX74CL5140 | C1: STATION CONFIG: | D1: Root Chord Parameters (E1-I1) -> | E1: =Control_Panel!$C$6 -> 225 | F1: =Control_Panel!$C$22 -> 0 | G1: 0 | H1: =Control_Panel!$C$10 -> 11.02 | I1: =Control_Panel!$C$11 -> 4
A2: x_norm | B2: y_norm | C2: SW_X (Spanwise) | D2: SW_Y (Vertical) | E2: SW_Z (Longitudinal) | F2: (F1) Incidence (deg) | G2: (G1) Span Offset (mm) | H2: (H1) LE Sweep (deg) | I2: (I1) Dihedral (deg)
A3: 1 | B3: 0 | C3: =$G$1 -> 0 | D3: =(( -A3 - (-0.25) ) * SIN(RADIANS($F$1)) + (B3 - 0) * COS(RADIANS($F$1)) - 0.25 * SIN(RADIANS($F$1))) * $E$1 + ($G$1 * TAN(RADIANS($I$1))) -> 0 | E3: =(( -A3 - (-0.25) ) * COS(RADIANS($F$1)) - (B3 - 0) * SIN(RADIANS($F$1)) + (-0.25)) * $E$1 - ($G$1 * TAN(RADIANS($H$1))) -> -225
A4: 0.99754 | B4: 0.00189 | C4: =$G$1 -> 0 | D4: =(( -A4 - (-0.25) ) * SIN(RADIANS($F$1)) + (B4 - 0) * COS(RADIANS($F$1)) - 0.25 * SIN(RADIANS($F$1))) * $E$1 + ($G$1 * TAN(RADIANS($I$1))) -> 0.42525 | E4: =(( -A4 - (-0.25) ) * COS(RADIANS($F$1)) - (B4 - 0) * SIN(RADIANS($F$1)) + (-0.25)) * $E$1 - ($G$1 * TAN(RADIANS($H$1))) -> -224.4465
A5: 0.9907 | B5: 0.00624 | C5: =$G$1 -> 0 | D5: =(( -A5 - (-0.25) ) * SIN(RADIANS($F$1)) + (B5 - 0) * COS(RADIANS($F$1)) - 0.25 * SIN(RADIANS($F$1))) * $E$1 + ($G$1 * TAN(RADIANS($I$1))) -> 1.404 | E5: =(( -A5 - (-0.25) ) * COS(RADIANS($F$1)) - (B5 - 0) * SIN(RADIANS($F$1)) + (-0.25)) * $E$1 - ($G$1 * TAN(RADIANS($H$1))) -> -222.9075
A6: 0.98037 | B6: 0.0115 | C6: =$G$1 -> 0 | D6: =(( -A6 - (-0.25) ) * SIN(RADIANS($F$1)) + (B6 - 0) * COS(RADIANS($F$1)) - 0.25 * SIN(RADIANS($F$1))) * $E$1 + ($G$1 * TAN(RADIANS($I$1))) -> 2.5875 | E6: =(( -A6 - (-0.25) ) * COS(RADIANS($F$1)) - (B6 - 0) * SIN(RADIANS($F$1)) + (-0.25)) * $E$1 - ($G$1 * TAN(RADIANS($H$1))) -> -220.58325
A7: 0.96698 | B7: 0.01741 | C7: =$G$1 -> 0 | D7: =(( -A7 - (-0.25) ) * SIN(RADIANS($F$1)) + (B7 - 0) * COS(RADIANS($F$1)) - 0.25 * SIN(RADIANS($F$1))) * $E$1 + ($G$1 * TAN(RADIANS($I$1))) -> 3.91725 | E7: =(( -A7 - (-0.25) ) * COS(RADIANS($F$1)) - (B7 - 0) * SIN(RADIANS($F$1)) + (-0.25)) * $E$1 - ($G$1 * TAN(RADIANS($H$1))) -> -217.5705
A8: 0.95044 | B8: 0.02402 | C8: =$G$1 -> 0 | D8: =(( -A8 - (-0.25) ) * SIN(RADIANS($F$1)) + (B8 - 0) * COS(RADIANS($F$1)) - 0.25 * SIN(RADIANS($F$1))) * $E$1 + ($G$1 * TAN(RADIANS($I$1))) -> 5.4045 | E8: =(( -A8 - (-0.25) ) * COS(RADIANS($F$1)) - (B8 - 0) * SIN(RADIANS($F$1)) + (-0.25)) * $E$1 - ($G$1 * TAN(RADIANS($H$1))) -> -213.849
A9: 0.93064 | B9: 0.03188 | C9: =$G$1 -> 0 | D9: =(( -A9 - (-0.25) ) * SIN(RADIANS($F$1)) + (B9 - 0) * COS(RADIANS($F$1)) - 0.25 * SIN(RADIANS($F$1))) * $E$1 + ($G$1 * TAN(RADIANS($I$1))) -> 7.173 | E9: =(( -A9 - (-0.25) ) * COS(RADIANS($F$1)) - (B9 - 0) * SIN(RADIANS($F$1)) + (-0.25)) * $E$1 - ($G$1 * TAN(RADIANS($H$1))) -> -209.394
A10: 0.90775 | B10: 0.04001 | C10: =$G$1 -> 0 | D10: =(( -A10 - (-0.25) ) * SIN(RADIANS($F$1)) + (B10 - 0) * COS(RADIANS($F$1)) - 0.25 * SIN(RADIANS($F$1))) * $E$1 + ($G$1 * TAN(RADIANS($I$1))) -> 9.00225 | E10: =(( -A10 - (-0.25) ) * COS(RADIANS($F$1)) - (B10 - 0) * SIN(RADIANS($F$1)) + (-0.25)) * $E$1 - ($G$1 * TAN(RADIANS($H$1))) -> -204.24375
A11: 0.88202 | B11: 0.04848 | C11: =$G$1 -> 0 | D11: =(( -A11 - (-0.25) ) * SIN(RADIANS($F$1)) + (B11 - 0) * COS(RADIANS($F$1)) - 0.25 * SIN(RADIANS($F$1))) * $E$1 + ($G$1 * TAN(RADIANS($I$1))) -> 10.908 | E11: =(( -A11 - (-0.25) ) * COS(RADIANS($F$1)) - (B11 - 0) * SIN(RADIANS($F$1)) + (-0.25)) * $E$1 - ($G$1 * TAN(RADIANS($H$1))) -> -198.4545
A12: 0.8537 | B12: 0.05718 | C12: =$G$1 -> 0 | D12: =(( -A12 - (-0.25) ) * SIN(RADIANS($F$1)) + (B12 - 0) * COS(RADIANS($F$1)) - 0.25 * SIN(RADIANS($F$1))) * $E$1 + ($G$1 * TAN(RADIANS($I$1))) -> 12.8655 | E12: =(( -A12 - (-0.25) ) * COS(RADIANS($F$1)) - (B12 - 0) * SIN(RADIANS($F$1)) + (-0.25)) * $E$1 - ($G$1 * TAN(RADIANS($H$1))) -> -192.0825
A13: 0.82309 | B13: 0.06616 | C13: =$G$1 -> 0 | D13: =(( -A13 - (-0.25) ) * SIN(RADIANS($F$1)) + (B13 - 0) * COS(RADIANS($F$1)) - 0.25 * SIN(RADIANS($F$1))) * $E$1 + ($G$1 * TAN(RADIANS($I$1))) -> 14.886 | E13: =(( -A13 - (-0.25) ) * COS(RADIANS($F$1)) - (B13 - 0) * SIN(RADIANS($F$1)) + (-0.25)) * $E$1 - ($G$1 * TAN(RADIANS($H$1))) -> -185.19525
A14: 0.79048 | B14: 0.07549 | C14: =$G$1 -> 0 | D14: =(( -A14 - (-0.25) ) * SIN(RADIANS($F$1)) + (B14 - 0) * COS(RADIANS($F$1)) - 0.25 * SIN(RADIANS($F$1))) * $E$1 + ($G$1 * TAN(RADIANS($I$1))) -> 16.98525 | E14: =(( -A14 - (-0.25) ) * COS(RADIANS($F$1)) - (B14 - 0) * SIN(RADIANS($F$1)) + (-0.25)) * $E$1 - ($G$1 * TAN(RADIANS($H$1))) -> -177.858
... A81: 1 | B81: 0 | C81: =$G$1 -> 0 | D81: =(( -A81 - (-0.25) ) * SIN(RADIANS($F$1)) + (B81 - 0) * COS(RADIANS($F$1)) - 0.25 * SIN(RADIANS($F$1))) * $E$1 + ($G$1 * TAN(RADIANS($I$1))) -> 0 | E81: =(( -A81 - (-0.25) ) * COS(RADIANS($F$1)) - (B81 - 0) * SIN(RADIANS($F$1)) + (-0.25)) * $E$1 - ($G$1 * TAN(RADIANS($H$1))) -> -225

Sheet Tip_Airfoil_XYZ
A1: AIRFOIL PROFILE: | B1: FX74CL5140 | C1: STATION CONFIG: | D1: Tip Chord Parameters (E1-I1) -> | E1: =Control_Panel!$C$7 -> 225 | F1: =Control_Panel!$C$23 -> 0 | G1: =Control_Panel!$C$15 -> 518 | H1: =Control_Panel!$C$10 -> 11.02 | I1: =Control_Panel!$C$11 -> 4
A2: x_norm | B2: y_norm | C2: SW_X (Spanwise) | D2: SW_Y (Vertical) | E2: SW_Z (Longitudinal) | F2: (F1) Incidence (deg) | G2: (G1) Span Offset (mm) | H2: (H1) LE Sweep (deg) | I2: (I1) Dihedral (deg)
A3: 1 | B3: 0 | C3: =$G$1 -> 518 | D3: =(( -A3 - (-0.25) ) * SIN(RADIANS($F$1)) + (B3 - 0) * COS(RADIANS($F$1)) - 0.25 * SIN(RADIANS($F$1))) * $E$1 + ($G$1 * TAN(RADIANS($I$1))) -> 36.222089 | E3: =(( -A3 - (-0.25) ) * COS(RADIANS($F$1)) - (B3 - 0) * SIN(RADIANS($F$1)) + (-0.25)) * $E$1 - ($G$1 * TAN(RADIANS($H$1))) -> -325.87666
A4: 0.99754 | B4: 0.00189 | C4: =$G$1 -> 518 | D4: =(( -A4 - (-0.25) ) * SIN(RADIANS($F$1)) + (B4 - 0) * COS(RADIANS($F$1)) - 0.25 * SIN(RADIANS($F$1))) * $E$1 + ($G$1 * TAN(RADIANS($I$1))) -> 36.647339 | E4: =(( -A4 - (-0.25) ) * COS(RADIANS($F$1)) - (B4 - 0) * SIN(RADIANS($F$1)) + (-0.25)) * $E$1 - ($G$1 * TAN(RADIANS($H$1))) -> -325.32316
A5: 0.9907 | B5: 0.00624 | C5: =$G$1 -> 518 | D5: =(( -A5 - (-0.25) ) * SIN(RADIANS($F$1)) + (B5 - 0) * COS(RADIANS($F$1)) - 0.25 * SIN(RADIANS($F$1))) * $E$1 + ($G$1 * TAN(RADIANS($I$1))) -> 37.626089 | E5: =(( -A5 - (-0.25) ) * COS(RADIANS($F$1)) - (B5 - 0) * SIN(RADIANS($F$1)) + (-0.25)) * $E$1 - ($G$1 * TAN(RADIANS($H$1))) -> -323.78416
A6: 0.98037 | B6: 0.0115 | C6: =$G$1 -> 518 | D6: =(( -A6 - (-0.25) ) * SIN(RADIANS($F$1)) + (B6 - 0) * COS(RADIANS($F$1)) - 0.25 * SIN(RADIANS($F$1))) * $E$1 + ($G$1 * TAN(RADIANS($I$1))) -> 38.809589 | E6: =(( -A6 - (-0.25) ) * COS(RADIANS($F$1)) - (B6 - 0) * SIN(RADIANS($F$1)) + (-0.25)) * $E$1 - ($G$1 * TAN(RADIANS($H$1))) -> -321.45991
A7: 0.96698 | B7: 0.01741 | C7: =$G$1 -> 518 | D7: =(( -A7 - (-0.25) ) * SIN(RADIANS($F$1)) + (B7 - 0) * COS(RADIANS($F$1)) - 0.25 * SIN(RADIANS($F$1))) * $E$1 + ($G$1 * TAN(RADIANS($I$1))) -> 40.139339 | E7: =(( -A7 - (-0.25) ) * COS(RADIANS($F$1)) - (B7 - 0) * SIN(RADIANS($F$1)) + (-0.25)) * $E$1 - ($G$1 * TAN(RADIANS($H$1))) -> -318.44716
A8: 0.95044 | B8: 0.02402 | C8: =$G$1 -> 518 | D8: =(( -A8 - (-0.25) ) * SIN(RADIANS($F$1)) + (B8 - 0) * COS(RADIANS($F$1)) - 0.25 * SIN(RADIANS($F$1))) * $E$1 + ($G$1 * TAN(RADIANS($I$1))) -> 41.626589 | E8: =(( -A8 - (-0.25) ) * COS(RADIANS($F$1)) - (B8 - 0) * SIN(RADIANS($F$1)) + (-0.25)) * $E$1 - ($G$1 * TAN(RADIANS($H$1))) -> -314.72566
A9: 0.93064 | B9: 0.03188 | C9: =$G$1 -> 518 | D9: =(( -A9 - (-0.25) ) * SIN(RADIANS($F$1)) + (B9 - 0) * COS(RADIANS($F$1)) - 0.25 * SIN(RADIANS($F$1))) * $E$1 + ($G$1 * TAN(RADIANS($I$1))) -> 43.395089 | E9: =(( -A9 - (-0.25) ) * COS(RADIANS($F$1)) - (B9 - 0) * SIN(RADIANS($F$1)) + (-0.25)) * $E$1 - ($G$1 * TAN(RADIANS($H$1))) -> -310.27066
A10: 0.90775 | B10: 0.04001 | C10: =$G$1 -> 518 | D10: =(( -A10 - (-0.25) ) * SIN(RADIANS($F$1)) + (B10 - 0) * COS(RADIANS($F$1)) - 0.25 * SIN(RADIANS($F$1))) * $E$1 + ($G$1 * TAN(RADIANS($I$1))) -> 45.224339 | E10: =(( -A10 - (-0.25) ) * COS(RADIANS($F$1)) - (B10 - 0) * SIN(RADIANS($F$1)) + (-0.25)) * $E$1 - ($G$1 * TAN(RADIANS($H$1))) -> -305.12041
A11: 0.88202 | B11: 0.04848 | C11: =$G$1 -> 518 | D11: =(( -A11 - (-0.25) ) * SIN(RADIANS($F$1)) + (B11 - 0) * COS(RADIANS($F$1)) - 0.25 * SIN(RADIANS($F$1))) * $E$1 + ($G$1 * TAN(RADIANS($I$1))) -> 47.130089 | E11: =(( -A11 - (-0.25) ) * COS(RADIANS($F$1)) - (B11 - 0) * SIN(RADIANS($F$1)) + (-0.25)) * $E$1 - ($G$1 * TAN(RADIANS($H$1))) -> -299.33116
A12: 0.8537 | B12: 0.05718 | C12: =$G$1 -> 518 | D12: =(( -A12 - (-0.25) ) * SIN(RADIANS($F$1)) + (B12 - 0) * COS(RADIANS($F$1)) - 0.25 * SIN(RADIANS($F$1))) * $E$1 + ($G$1 * TAN(RADIANS($I$1))) -> 49.087589 | E12: =(( -A12 - (-0.25) ) * COS(RADIANS($F$1)) - (B12 - 0) * SIN(RADIANS($F$1)) + (-0.25)) * $E$1 - ($G$1 * TAN(RADIANS($H$1))) -> -292.95916
A13: 0.82309 | B13: 0.06616 | C13: =$G$1 -> 518 | D13: =(( -A13 - (-0.25) ) * SIN(RADIANS($F$1)) + (B13 - 0) * COS(RADIANS($F$1)) - 0.25 * SIN(RADIANS($F$1))) * $E$1 + ($G$1 * TAN(RADIANS($I$1))) -> 51.108089 | E13: =(( -A13 - (-0.25) ) * COS(RADIANS($F$1)) - (B13 - 0) * SIN(RADIANS($F$1)) + (-0.25)) * $E$1 - ($G$1 * TAN(RADIANS($H$1))) -> -286.07191
A14: 0.79048 | B14: 0.07549 | C14: =$G$1 -> 518 | D14: =(( -A14 - (-0.25) ) * SIN(RADIANS($F$1)) + (B14 - 0) * COS(RADIANS($F$1)) - 0.25 * SIN(RADIANS($F$1))) * $E$1 + ($G$1 * TAN(RADIANS($I$1))) -> 53.207339 | E14: =(( -A14 - (-0.25) ) * COS(RADIANS($F$1)) - (B14 - 0) * SIN(RADIANS($F$1)) + (-0.25)) * $E$1 - ($G$1 * TAN(RADIANS($H$1))) -> -278.73466
... A81: 1 | B81: 0 | C81: =$G$1 -> 518 | D81: =(( -A81 - (-0.25) ) * SIN(RADIANS($F$1)) + (B81 - 0) * COS(RADIANS($F$1)) - 0.25 * SIN(RADIANS($F$1))) * $E$1 + ($G$1 * TAN(RADIANS($I$1))) -> 36.222089 | E81: =(( -A81 - (-0.25) ) * COS(RADIANS($F$1)) - (B81 - 0) * SIN(RADIANS($F$1)) + (-0.25)) * $E$1 - ($G$1 * TAN(RADIANS($H$1))) -> -325.87666
